{"count":1,"self":131.8242176,"total":2081.8439201,"children":{"InitializeActuators":{"count":36,"self":0.0019679999999999997,"total":0.0019679999999999997,"children":null},"InitializeSensors":{"count":36,"self":0.0010045,"total":0.0010045,"children":null},"AgentSendState":{"count":108801,"self":10.937915199999999,"total":64.895743,"children":{"CollectObservations":{"count":3916836,"self":8.0588184,"total":8.0588183,"children":null},"WriteActionMask":{"count":3916836,"self":2.1557412,"total":2.1557410999999997,"children":null},"RequestDecision":{"count":3916836,"self":17.032993599999998,"total":43.743268799999996,"children":{"AgentInfo.ToProto":{"count":3916836,"self":9.5726696,"total":26.7102759,"children":{"GenerateSensorData":{"count":3916836,"self":17.1376064,"total":17.1376064,"children":null}}}}}}},"DecideAction":{"count":108801,"self":1877.2463616,"total":1877.2462876999998,"children":null},"AgentAct":{"count":108801,"self":7.7130431999999995,"total":7.7130429,"children":null},"AgentInfo.ToProto":{"count":15700,"self":0.0581675,"total":0.1601602,"children":{"GenerateSensorData":{"count":15700,"self":0.10199269999999999,"total":0.10199269999999999,"children":null}}}},"gauges":{"Behavior_A.CumulativeReward":{"count":7850,"max":15.5,"min":-1,"runningAverage":0.58878994,"value":2.5,"weightedAverage":3.12311077},"Behavior_B.CumulativeReward":{"count":7850,"max":15.5,"min":-1,"runningAverage":0.5700001,"value":5,"weightedAverage":4.393243}},"metadata":{"timer_format_version":"0.1.0","start_time_seconds":"1748242675","unity_version":"2022.3.59f1","command_line_arguments":"D:\\_UnitySave\\2022.3.59f1\\Editor\\Unity.exe -projectpath D:\\_UnitySave\\GitHub\\Bounders -useHub -hubIPC -cloudEnvironment production","communication_protocol_version":"1.5.0","com.unity.ml-agents_version":"2.3.0-exp.3","scene_name":"Pong","end_time_seconds":"1748244757"}}